{"cameraMode":{"drawMode":0,"name":"Shaded","section":"Shading Mode"},"sceneLighting":true,"audioPlay":false,"sceneViewState":{"m_AlwaysRefresh":false,"showFog":true,"showSkybox":true,"showFlares":true,"showImageEffects":true,"showParticleSystems":true,"showVisualEffectGraphs":true,"m_FxEnabled":true},"in2DMode":false,"pivot":{"x":-21.455881118774415,"y":0.6152271628379822,"z":0.13878419995307923},"rotation":{"x":-0.014243431389331818,"y":0.6245097517967224,"z":-0.012965753674507141,"w":-0.7821722626686096},"size":12.691140174865723,"orthographic":false}